08.09.2025 00:00	08.09.2025 01:00	3.58	515.04
08.09.2025 01:00	08.09.2025 02:00	3.69	525.78
08.09.2025 02:00	08.09.2025 03:00	3.52	525.26
08.09.2025 03:00	08.09.2025 04:00	3.35	540.48
08.09.2025 04:00	08.09.2025 05:00	3.46	559.05
08.09.2025 05:00	08.09.2025 06:00	3.58	703.40
08.09.2025 06:00	08.09.2025 07:00	3.64	794.42
08.09.2025 07:00	08.09.2025 08:00	3.62	847.08
08.09.2025 08:00	08.09.2025 09:00	3.69	759.80
08.09.2025 09:00	08.09.2025 10:00	3.76	640.29
08.09.2025 10:00	08.09.2025 11:00	4.00	551.37
08.09.2025 11:00	08.09.2025 12:00	3.73	474.61
08.09.2025 12:00	08.09.2025 13:00	3.57	432.83
08.09.2025 13:00	08.09.2025 14:00	3.20	489.45
08.09.2025 14:00	08.09.2025 15:00	3.13	538.31
08.09.2025 15:00	08.09.2025 16:00	3.09	672.00
08.09.2025 16:00	08.09.2025 17:00	3.15	927.13
08.09.2025 17:00	08.09.2025 18:00	3.06	1466.71
08.09.2025 18:00	08.09.2025 19:00	3.04	3085.90
08.09.2025 19:00	08.09.2025 20:00	3.00	2301.56
08.09.2025 20:00	08.09.2025 21:00	2.99	1133.92
08.09.2025 21:00	08.09.2025 22:00	2.97	924.52
08.09.2025 22:00	08.09.2025 23:00	3.03	843.88
08.09.2025 23:00	09.09.2025 00:00	3.10	854.32
09.09.2025 00:00	09.09.2025 01:00	3.08	838.95
09.09.2025 01:00	09.09.2025 02:00	2.95	823.21
09.09.2025 02:00	09.09.2025 03:00	2.82	819.11
09.09.2025 03:00	09.09.2025 04:00	2.87	820.53
09.09.2025 04:00	09.09.2025 05:00	2.86	881.62
09.09.2025 05:00	09.09.2025 06:00	2.91	1360.63
09.09.2025 06:00	09.09.2025 07:00	2.94	2189.51
09.09.2025 07:00	09.09.2025 08:00	3.01	1469.47
09.09.2025 08:00	09.09.2025 09:00	3.24	951.82
09.09.2025 09:00	09.09.2025 10:00	3.40	758.91
09.09.2025 10:00	09.09.2025 11:00	3.47	737.94
09.09.2025 11:00	09.09.2025 12:00	3.36	639.17
09.09.2025 12:00	09.09.2025 13:00	3.15	620.90
09.09.2025 13:00	09.09.2025 14:00	2.91	618.73
09.09.2025 14:00	09.09.2025 15:00	2.87	668.42
09.09.2025 15:00	09.09.2025 16:00	2.84	745.70
09.09.2025 16:00	09.09.2025 17:00	2.94	950.48
09.09.2025 17:00	09.09.2025 18:00	2.93	1437.39
09.09.2025 18:00	09.09.2025 19:00	3.00	2882.54
09.09.2025 19:00	09.09.2025 20:00	3.00	1608.30
09.09.2025 20:00	09.09.2025 21:00	2.87	987.48
09.09.2025 21:00	09.09.2025 22:00	2.89	848.28
09.09.2025 22:00	09.09.2025 23:00	2.87	790.76
09.09.2025 23:00	10.09.2025 00:00	2.94	751.37
10.09.2025 00:00	10.09.2025 01:00	2.80	754.65
10.09.2025 01:00	10.09.2025 02:00	2.64	734.66
10.09.2025 02:00	10.09.2025 03:00	2.57	739.81
10.09.2025 03:00	10.09.2025 04:00	2.65	747.04
10.09.2025 04:00	10.09.2025 05:00	2.70	802.99
10.09.2025 05:00	10.09.2025 06:00	2.70	977.56
10.09.2025 06:00	10.09.2025 07:00	2.85	1632.32
10.09.2025 07:00	10.09.2025 08:00	2.99	1282.52
10.09.2025 08:00	10.09.2025 09:00	3.10	939.21
10.09.2025 09:00	10.09.2025 10:00	3.16	800.68
10.09.2025 10:00	10.09.2025 11:00	3.36	725.11
10.09.2025 11:00	10.09.2025 12:00	3.46	599.04
10.09.2025 12:00	10.09.2025 13:00	3.36	581.88
10.09.2025 13:00	10.09.2025 14:00	3.23	612.47
10.09.2025 14:00	10.09.2025 15:00	3.01	620.67
10.09.2025 15:00	10.09.2025 16:00	3.06	721.46
10.09.2025 16:00	10.09.2025 17:00	2.91	922.50
10.09.2025 17:00	10.09.2025 18:00	3.02	1272.60
10.09.2025 18:00	10.09.2025 19:00	3.09	2052.92
10.09.2025 19:00	10.09.2025 20:00	3.06	1261.26
10.09.2025 20:00	10.09.2025 21:00	3.00	917.13
10.09.2025 21:00	10.09.2025 22:00	2.97	757.79
10.09.2025 22:00	10.09.2025 23:00	2.93	653.72
10.09.2025 23:00	11.09.2025 00:00	3.15	615.97
11.09.2025 00:00	11.09.2025 01:00	3.06	591.13
11.09.2025 01:00	11.09.2025 02:00	3.08	533.69
11.09.2025 02:00	11.09.2025 03:00	2.83	486.62
11.09.2025 03:00	11.09.2025 04:00	2.93	486.17
11.09.2025 04:00	11.09.2025 05:00	2.97	496.84
11.09.2025 05:00	11.09.2025 06:00	3.12	640.59
11.09.2025 06:00	11.09.2025 07:00	3.19	640.07
11.09.2025 07:00	11.09.2025 08:00	3.36	649.02
11.09.2025 08:00	11.09.2025 09:00	3.59	474.68
11.09.2025 09:00	11.09.2025 10:00	3.56	306.53
11.09.2025 10:00	11.09.2025 11:00	3.66	61.40
11.09.2025 11:00	11.09.2025 12:00	3.85	30.44
11.09.2025 12:00	11.09.2025 13:00	3.87	22.16
11.09.2025 13:00	11.09.2025 14:00	3.83	31.71
11.09.2025 14:00	11.09.2025 15:00	3.43	21.04
11.09.2025 15:00	11.09.2025 16:00	3.28	66.84
11.09.2025 16:00	11.09.2025 17:00	3.19	507.28
11.09.2025 17:00	11.09.2025 18:00	3.06	795.83
11.09.2025 18:00	11.09.2025 19:00	3.21	954.88
11.09.2025 19:00	11.09.2025 20:00	3.38	917.73
11.09.2025 20:00	11.09.2025 21:00	3.30	769.80
11.09.2025 21:00	11.09.2025 22:00	3.25	605.75
11.09.2025 22:00	11.09.2025 23:00	3.11	476.62
11.09.2025 23:00	12.09.2025 00:00	3.25	135.70
12.09.2025 00:00	12.09.2025 01:00	3.40	134.58
12.09.2025 01:00	12.09.2025 02:00	3.33	113.32
12.09.2025 02:00	12.09.2025 03:00	3.24	83.03
12.09.2025 03:00	12.09.2025 04:00	3.10	98.02
12.09.2025 04:00	12.09.2025 05:00	3.15	97.50
12.09.2025 05:00	12.09.2025 06:00	3.21	224.55
12.09.2025 06:00	12.09.2025 07:00	3.32	447.60
12.09.2025 07:00	12.09.2025 08:00	3.50	531.15
12.09.2025 08:00	12.09.2025 09:00	3.56	331.37
12.09.2025 09:00	12.09.2025 10:00	3.52	17.38
12.09.2025 10:00	12.09.2025 11:00	3.52	0.00
12.09.2025 11:00	12.09.2025 12:00	3.87	-13.65
12.09.2025 12:00	12.09.2025 13:00	3.73	-30.29
12.09.2025 13:00	12.09.2025 14:00	3.58	-14.99
12.09.2025 14:00	12.09.2025 15:00	3.24	-7.16
12.09.2025 15:00	12.09.2025 16:00	3.09	-0.07
12.09.2025 16:00	12.09.2025 17:00	3.09	385.16
12.09.2025 17:00	12.09.2025 18:00	3.05	678.04
12.09.2025 18:00	12.09.2025 19:00	3.12	895.20
12.09.2025 19:00	12.09.2025 20:00	3.18	923.55
12.09.2025 20:00	12.09.2025 21:00	3.22	768.31
12.09.2025 21:00	12.09.2025 22:00	3.23	667.67
12.09.2025 22:00	12.09.2025 23:00	3.33	539.06
12.09.2025 23:00	13.09.2025 00:00	3.32	349.43
13.09.2025 00:00	13.09.2025 01:00	3.34	257.37
13.09.2025 01:00	13.09.2025 02:00	3.29	182.02
13.09.2025 02:00	13.09.2025 03:00	3.19	146.59
13.09.2025 03:00	13.09.2025 04:00	3.10	147.04
13.09.2025 04:00	13.09.2025 05:00	3.19	141.67
13.09.2025 05:00	13.09.2025 06:00	3.37	157.33
13.09.2025 06:00	13.09.2025 07:00	3.41	272.66
13.09.2025 07:00	13.09.2025 08:00	3.55	290.94
13.09.2025 08:00	13.09.2025 09:00	4.08	276.02
13.09.2025 09:00	13.09.2025 10:00	4.04	106.68
13.09.2025 10:00	13.09.2025 11:00	3.59	17.68
13.09.2025 11:00	13.09.2025 12:00	3.46	10.15
13.09.2025 12:00	13.09.2025 13:00	3.44	9.85
13.09.2025 13:00	13.09.2025 14:00	3.24	10.22
13.09.2025 14:00	13.09.2025 15:00	3.25	0.00
13.09.2025 15:00	13.09.2025 16:00	3.33	28.94
13.09.2025 16:00	13.09.2025 17:00	3.22	469.98
13.09.2025 17:00	13.09.2025 18:00	3.29	727.42
13.09.2025 18:00	13.09.2025 19:00	3.30	872.30
13.09.2025 19:00	13.09.2025 20:00	3.34	886.02
13.09.2025 20:00	13.09.2025 21:00	3.36	829.33
13.09.2025 21:00	13.09.2025 22:00	3.24	746.00
13.09.2025 22:00	13.09.2025 23:00	3.22	650.36
13.09.2025 23:00	14.09.2025 00:00	3.39	639.25
14.09.2025 00:00	14.09.2025 01:00	3.43	578.67
14.09.2025 01:00	14.09.2025 02:00	3.50	601.35
14.09.2025 02:00	14.09.2025 03:00	3.33	641.04
14.09.2025 03:00	14.09.2025 04:00	3.28	699.52
14.09.2025 04:00	14.09.2025 05:00	3.39	744.66
14.09.2025 05:00	14.09.2025 06:00	3.56	751.60
14.09.2025 06:00	14.09.2025 07:00	3.60	785.99
14.09.2025 07:00	14.09.2025 08:00	3.56	809.26
14.09.2025 08:00	14.09.2025 09:00	3.64	654.84
14.09.2025 09:00	14.09.2025 10:00	3.79	460.13
14.09.2025 10:00	14.09.2025 11:00	3.72	131.15
14.09.2025 11:00	14.09.2025 12:00	3.77	48.64
14.09.2025 12:00	14.09.2025 13:00	3.66	0.07
14.09.2025 13:00	14.09.2025 14:00	3.53	0.00
14.09.2025 14:00	14.09.2025 15:00	3.25	0.00
14.09.2025 15:00	14.09.2025 16:00	3.15	144.20
14.09.2025 16:00	14.09.2025 17:00	3.11	732.57
14.09.2025 17:00	14.09.2025 18:00	3.07	927.58
14.09.2025 18:00	14.09.2025 19:00	3.11	1059.47
14.09.2025 19:00	14.09.2025 20:00	3.12	919.22
14.09.2025 20:00	14.09.2025 21:00	3.18	668.94
14.09.2025 21:00	14.09.2025 22:00	3.14	534.43
14.09.2025 22:00	14.09.2025 23:00	3.09	106.45
14.09.2025 23:00	15.09.2025 00:00	3.24	117.94
15.09.2025 00:00	15.09.2025 01:00	3.58	28.87
15.09.2025 01:00	15.09.2025 02:00	3.69	10.37
15.09.2025 02:00	15.09.2025 03:00	3.52	0.07
15.09.2025 03:00	15.09.2025 04:00	3.35	0.00
15.09.2025 04:00	15.09.2025 05:00	3.46	6.71
15.09.2025 05:00	15.09.2025 06:00	3.58	-0.45
15.09.2025 06:00	15.09.2025 07:00	3.64	0.00
15.09.2025 07:00	15.09.2025 08:00	3.62	24.92
15.09.2025 08:00	15.09.2025 09:00	3.69	17.46
15.09.2025 09:00	15.09.2025 10:00	3.76	31.93
15.09.2025 10:00	15.09.2025 11:00	4.00	3.13
15.09.2025 11:00	15.09.2025 12:00	3.73	0.00
15.09.2025 12:00	15.09.2025 13:00	3.57	-0.07
15.09.2025 13:00	15.09.2025 14:00	3.20	-0.07
15.09.2025 14:00	15.09.2025 15:00	3.13	-0.52
15.09.2025 15:00	15.09.2025 16:00	3.09	0.00
15.09.2025 16:00	15.09.2025 17:00	3.15	12.98
15.09.2025 17:00	15.09.2025 18:00	3.06	29.09
15.09.2025 18:00	15.09.2025 19:00	3.04	190.83
15.09.2025 19:00	15.09.2025 20:00	3.00	29.91
15.09.2025 20:00	15.09.2025 21:00	2.99	21.19
15.09.2025 21:00	15.09.2025 22:00	2.97	21.71
15.09.2025 22:00	15.09.2025 23:00	3.03	0.45
15.09.2025 23:00	16.09.2025 00:00	3.10	12.23
16.09.2025 00:00	16.09.2025 01:00	3.08	-0.37
16.09.2025 01:00	16.09.2025 02:00	2.95	-0.82
16.09.2025 02:00	16.09.2025 03:00	2.82	-4.18
16.09.2025 03:00	16.09.2025 04:00	2.87	0.00
16.09.2025 04:00	16.09.2025 05:00	2.86	1.42
16.09.2025 05:00	16.09.2025 06:00	2.91	17.31
16.09.2025 06:00	16.09.2025 07:00	2.94	139.35
16.09.2025 07:00	16.09.2025 08:00	3.01	179.04
16.09.2025 08:00	16.09.2025 09:00	3.24	74.60
16.09.2025 09:00	16.09.2025 10:00	3.40	21.26
16.09.2025 10:00	16.09.2025 11:00	3.47	9.47
16.09.2025 11:00	16.09.2025 12:00	3.36	0.97
16.09.2025 12:00	16.09.2025 13:00	3.15	4.85
16.09.2025 13:00	16.09.2025 14:00	2.91	12.61
16.09.2025 14:00	16.09.2025 15:00	2.87	5.74
16.09.2025 15:00	16.09.2025 16:00	2.84	12.46
16.09.2025 16:00	16.09.2025 17:00	2.94	21.19
16.09.2025 17:00	16.09.2025 18:00	2.93	33.27
16.09.2025 18:00	16.09.2025 19:00	3.00	49.98
16.09.2025 19:00	16.09.2025 20:00	3.00	42.82
16.09.2025 20:00	16.09.2025 21:00	2.87	21.63
16.09.2025 21:00	16.09.2025 22:00	2.89	30.88
16.09.2025 22:00	16.09.2025 23:00	2.87	29.84
16.09.2025 23:00	17.09.2025 00:00	2.94	17.68
17.09.2025 00:00	17.09.2025 01:00	2.80	22.53
17.09.2025 01:00	17.09.2025 02:00	2.64	22.90
17.09.2025 02:00	17.09.2025 03:00	2.57	22.90
17.09.2025 03:00	17.09.2025 04:00	2.65	23.05
17.09.2025 04:00	17.09.2025 05:00	2.70	30.81
17.09.2025 05:00	17.09.2025 06:00	2.70	74.60
17.09.2025 06:00	17.09.2025 07:00	2.85	446.78
17.09.2025 07:00	17.09.2025 08:00	2.99	390.53
17.09.2025 08:00	17.09.2025 09:00	3.10	32.00
17.09.2025 09:00	17.09.2025 10:00	3.16	30.59
17.09.2025 10:00	17.09.2025 11:00	3.36	30.74
17.09.2025 11:00	17.09.2025 12:00	3.46	67.89
17.09.2025 12:00	17.09.2025 13:00	3.36	32.00
17.09.2025 13:00	17.09.2025 14:00	3.23	42.00
17.09.2025 14:00	17.09.2025 15:00	3.01	53.12
17.09.2025 15:00	17.09.2025 16:00	3.06	49.91
17.09.2025 16:00	17.09.2025 17:00	2.91	373.00
17.09.2025 17:00	17.09.2025 18:00	3.02	692.06
17.09.2025 18:00	17.09.2025 19:00	3.09	866.93
17.09.2025 19:00	17.09.2025 20:00	3.06	826.49
17.09.2025 20:00	17.09.2025 21:00	3.00	677.52
17.09.2025 21:00	17.09.2025 22:00	2.97	568.45
17.09.2025 22:00	17.09.2025 23:00	2.93	447.60
17.09.2025 23:00	18.09.2025 00:00	3.15	257.44
18.09.2025 00:00	18.09.2025 01:00	3.06	206.64
18.09.2025 01:00	18.09.2025 02:00	3.08	145.32
18.09.2025 02:00	18.09.2025 03:00	2.83	107.57
18.09.2025 03:00	18.09.2025 04:00	2.93	67.74
18.09.2025 04:00	18.09.2025 05:00	2.97	67.89
18.09.2025 05:00	18.09.2025 06:00	3.12	336.15
18.09.2025 06:00	18.09.2025 07:00	3.19	598.29
18.09.2025 07:00	18.09.2025 08:00	3.36	686.32
18.09.2025 08:00	18.09.2025 09:00	3.59	544.13
18.09.2025 09:00	18.09.2025 10:00	3.56	389.71
18.09.2025 10:00	18.09.2025 11:00	3.66	43.94
18.09.2025 11:00	18.09.2025 12:00	3.85	17.61
18.09.2025 12:00	18.09.2025 13:00	3.87	16.56
18.09.2025 13:00	18.09.2025 14:00	3.83	14.92
18.09.2025 14:00	18.09.2025 15:00	3.43	17.46
18.09.2025 15:00	18.09.2025 16:00	3.28	114.21
18.09.2025 16:00	18.09.2025 17:00	3.19	372.25
18.09.2025 17:00	18.09.2025 18:00	3.06	591.13
18.09.2025 18:00	18.09.2025 19:00	3.21	734.51
18.09.2025 19:00	18.09.2025 20:00	3.38	111.90
18.09.2025 20:00	18.09.2025 21:00	3.30	67.51
18.09.2025 21:00	18.09.2025 22:00	3.25	42.75
18.09.2025 22:00	18.09.2025 23:00	3.11	29.84
18.09.2025 23:00	19.09.2025 00:00	3.25	12.53
19.09.2025 00:00	19.09.2025 01:00	3.40	51.03
19.09.2025 01:00	19.09.2025 02:00	3.33	26.86
19.09.2025 02:00	19.09.2025 03:00	3.24	47.67
19.09.2025 03:00	19.09.2025 04:00	3.10	61.10
19.09.2025 04:00	19.09.2025 05:00	3.15	253.86
19.09.2025 05:00	19.09.2025 06:00	3.21	417.76
19.09.2025 06:00	19.09.2025 07:00	3.32	663.94
19.09.2025 07:00	19.09.2025 08:00	3.50	775.62
19.09.2025 08:00	19.09.2025 09:00	3.56	710.04
19.09.2025 09:00	19.09.2025 10:00	3.52	400.60
19.09.2025 10:00	19.09.2025 11:00	3.52	97.20
19.09.2025 11:00	19.09.2025 12:00	3.87	17.61
19.09.2025 12:00	19.09.2025 13:00	3.73	18.13
19.09.2025 13:00	19.09.2025 14:00	3.58	16.26
19.09.2025 14:00	19.09.2025 15:00	3.24	89.30
19.09.2025 15:00	19.09.2025 16:00	3.09	371.81
19.09.2025 16:00	19.09.2025 17:00	3.09	632.46
19.09.2025 17:00	19.09.2025 18:00	3.05	768.38
19.09.2025 18:00	19.09.2025 19:00	3.12	1054.84
19.09.2025 19:00	19.09.2025 20:00	3.18	1064.54
19.09.2025 20:00	19.09.2025 21:00	3.22	834.18
19.09.2025 21:00	19.09.2025 22:00	3.23	641.86
19.09.2025 22:00	19.09.2025 23:00	3.33	588.82
19.09.2025 23:00	20.09.2025 00:00	3.32	650.81
20.09.2025 00:00	20.09.2025 01:00	3.34	581.21
20.09.2025 01:00	20.09.2025 02:00	3.29	559.43
20.09.2025 02:00	20.09.2025 03:00	3.19	558.01
20.09.2025 03:00	20.09.2025 04:00	3.10	557.93
20.09.2025 04:00	20.09.2025 05:00	3.19	598.37
20.09.2025 05:00	20.09.2025 06:00	3.37	660.28
20.09.2025 06:00	20.09.2025 07:00	3.41	648.80
20.09.2025 07:00	20.09.2025 08:00	3.55	561.66
20.09.2025 08:00	20.09.2025 09:00	4.08	185.75
20.09.2025 09:00	20.09.2025 10:00	4.04	22.53
20.09.2025 10:00	20.09.2025 11:00	3.59	14.92
20.09.2025 11:00	20.09.2025 12:00	3.46	11.86
20.09.2025 12:00	20.09.2025 13:00	3.44	1.87
20.09.2025 13:00	20.09.2025 14:00	3.24	0.60
20.09.2025 14:00	20.09.2025 15:00	3.25	10.67
20.09.2025 15:00	20.09.2025 16:00	3.33	196.65
20.09.2025 16:00	20.09.2025 17:00	3.22	700.05
20.09.2025 17:00	20.09.2025 18:00	3.29	915.57
20.09.2025 18:00	20.09.2025 19:00	3.30	959.51
20.09.2025 19:00	20.09.2025 20:00	3.34	739.14
20.09.2025 20:00	20.09.2025 21:00	3.36	611.35
20.09.2025 21:00	20.09.2025 22:00	3.24	522.65
20.09.2025 22:00	20.09.2025 23:00	3.22	352.19
20.09.2025 23:00	21.09.2025 00:00	3.39	60.20
21.09.2025 00:00	21.09.2025 01:00	3.43	27.60
21.09.2025 01:00	21.09.2025 02:00	3.50	25.36
21.09.2025 02:00	21.09.2025 03:00	3.33	12.31
21.09.2025 03:00	21.09.2025 04:00	3.28	12.09
21.09.2025 04:00	21.09.2025 05:00	3.39	-0.07
21.09.2025 05:00	21.09.2025 06:00	3.56	-0.07
21.09.2025 06:00	21.09.2025 07:00	3.60	7.76
21.09.2025 07:00	21.09.2025 08:00	3.56	22.45
21.09.2025 08:00	21.09.2025 09:00	3.64	9.77
21.09.2025 09:00	21.09.2025 10:00	3.79	0.00
21.09.2025 10:00	21.09.2025 11:00	3.72	-0.67
21.09.2025 11:00	21.09.2025 12:00	3.77	-8.95
21.09.2025 12:00	21.09.2025 13:00	3.66	-12.01
21.09.2025 13:00	21.09.2025 14:00	3.53	-9.77
21.09.2025 14:00	21.09.2025 15:00	3.25	-0.07
21.09.2025 15:00	21.09.2025 16:00	3.15	2.01
21.09.2025 16:00	21.09.2025 17:00	3.11	22.75
21.09.2025 17:00	21.09.2025 18:00	3.07	32.08
21.09.2025 18:00	21.09.2025 19:00	3.11	521.75
21.09.2025 19:00	21.09.2025 20:00	3.12	301.38
21.09.2025 20:00	21.09.2025 21:00	3.18	313.25
21.09.2025 21:00	21.09.2025 22:00	3.14	104.96
21.09.2025 22:00	21.09.2025 23:00	3.09	149.57
21.09.2025 23:00	22.09.2025 00:00	3.24	22.90